heures_fonctionnement,vibrations,temperature,panne
549.6714153011233,0.6399355436586003,63.24821725025618,0
486.1735698828815,0.5924633682912769,68.55481329284483,1
564.7688538100692,0.5059630369920174,62.075800790000386,0
652.3029856408025,0.4353063222294426,66.9203847036096,1
476.5846625276664,0.569822331361359,51.063853330462145,0
476.58630430508197,0.539348538542175,72.13293707372938,0
657.9212815507392,0.5895193220027732,70.01205475362224,0
576.7434729152909,0.563517180168197,61.82911368931809,0
453.05256140650476,0.6049552715319335,76.59245668432405,0
554.2560043585964,0.4464764788439432,79.37570137626558,0
453.65823071875377,0.6317394065634325,53.924401356310256,0
453.4270246429743,0.51975996046924,62.37275221433786,0
524.1962271566034,0.7075260872625265,62.30857650212702,0
308.6719755342202,0.4310812181910432,60.600968988911355,0
327.5082167486967,0.6735963803165249,78.29474841931749,0
443.77124707590275,0.5197910783462648,68.06173861227197,0
398.71688796655764,0.43485819963855515,67.35485158689389,0
531.4247332595273,0.4516114165945678,49.961376355932465,0
409.1975924478789,0.46796526918056797,76.35418030209226,0
358.76962986647084,0.5424165946401917,57.60741605146528,0
646.5648768921554,0.55228354880355,70.59932630266329,0
477.4223699513464,0.4426299996061421,72.77376937958192,0
506.7528204687924,0.4975645407739017,83.60658595838652,0
357.52518137865434,0.7142270358611864,56.91179600880888,0
445.5617275474817,0.6727543170100712,39.80487844179174,0
511.0922589709866,0.5436323669674032,71.83849544753694,0
384.90064225776973,0.50380034781682,88.00511181510853,0
537.5698018345672,0.5120031326718262,82.38946352939438,0
439.9361310081195,0.5613517972730416,72.09659415274626,0
470.8306250206723,0.39772074348015946,65.08363814367952,0
439.8293387770603,0.4742623462576655,78.0712259663731,0
685.2278184508938,0.3331415926122411,60.26453800295531,0
498.6502775262066,0.5399223122605279,74.7635776935622,0
394.22890710441,0.564719593970274,75.05470159166627,0
582.2544912103189,0.4516813537700626,80.6020990749888,1
377.9156350028978,0.6573986763290033,97.59660038911078,0
520.8863595004756,0.3774234336997659,73.92415967178766,1
304.03298761202245,0.353562511979018,64.91036374292501,0
367.1813951101569,0.5224451818559972,69.74425687808005,0
519.6861235869123,0.6047098302612155,52.30924095110882,0
573.8466579995411,0.6683927691457869,63.05286868910942,0
517.1368281189971,0.454111573713106,65.90717561886896,0
488.4351717611759,0.6078680833431296,64.75911602065408,0
469.8896304410711,0.4961491530499293,71.52354872033722,0
352.1478009632573,0.48273727000591804,61.775800676177994,1
428.0155791605291,0.5883659937486673,81.21030667324472,0
453.93612290402126,0.5652322878413419,70.00207064918197,0
605.7122226218916,0.342360784301575,69.90699678861385,0
534.3618289568461,0.6476540349725896,66.72105283487082,0
323.69598446372663,0.6380091354147451,71.55190683858979,0
532.4083969394795,0.43744372984904706,78.25098264667635,0
461.49177195836836,0.5395803533437409,61.328697842890996,1
432.30779996940413,0.5494030186282739,63.41883510924743,0
561.1676288840868,0.5260673765823907,66.96273971223336,0
603.099952249595,0.444969484615458,56.54129076526785,0
593.1280119116199,0.4328376632061948,61.807421402785025,0
416.07824767773616,0.49744459290085546,65.23779126455341,0
469.07876241487855,0.6172729019259364,78.74389180712727,0
533.1263431403564,0.5543600154594432,72.62561329001925,0
597.5545127122359,0.4629385667913894,71.93589911367545,0
452.082576215471,0.5771698710648345,78.50897962167971,0
481.4341023336183,0.21514573793699243,68.62628211600604,0
389.36650259939717,0.6148765700372103,73.9046484992889,0
380.37933759193294,0.32602862212219,68.96778247067503,0
581.2525822394198,0.4637559058596868,72.65362349399628,0
635.6240028570824,0.3880330105373856,64.17241342388418,0
492.7989878419666,0.3705318524279094,45.611828417235714,0
600.3532897892024,0.6160826787378519,68.65720837813696,0
536.1636025047634,0.45322987986881086,84.2274813609994,0
435.4880245394876,0.5346503881730715,79.26215402241593,0
536.1395605508415,0.49530794211208157,79.6539748459117,0
653.8036566465969,0.5477040827223122,82.36130721806218,0
496.41739608900485,0.5076821891060256,70.88657590961438,0
656.4643655814007,0.37170077758114306,71.97315707405596,0
238.02548959102558,0.599626681944714,63.8234810456565,0
582.1902504375224,0.4506243416838688,66.8392714397295,0
508.7047068238171,0.3443418101340249,76.15771149771142,0
470.09926495341324,0.4571884839034087,82.03884437168816,0
509.17607765355024,0.6500759790634311,68.60553724319,0
301.24310853991074,0.5850221742113493,65.49810735148588,0
478.03281121624883,0.4651347865592141,70.00527958856597,1
535.7112571511747,0.46507422956815714,76.01206748929116,0
647.7894044741516,0.46783649487826173,55.56145183866458,0
448.1729781726353,0.707674798356084,47.03819046862762,1
419.1506397106812,0.5381935452231553,64.49463150508416,1
449.8242956415463,0.543004164719107,57.79287574085841,0
591.5402117702074,0.6030283454031842,64.9185980235269,0
532.8751109659685,0.5238789159026513,68.52219681182528,0
447.0239796232961,0.4740957854179297,65.46751590976987,0
551.3267433113356,0.4803650150915022,84.52467534470745,0
509.70775493480403,0.4928398740585936,73.2674476460232,0
596.8644990532889,0.4962777763490158,73.00474359610828,0
429.79469061226473,0.572762954363698,76.22207144043402,0
467.23378534022316,0.50519458858073,58.61166882219231,0
460.7891846867842,0.5732640077215579,80.39111787420269,0
353.64850518678816,0.49192834198914176,69.2423571346454,0
529.6120277064576,0.5078635190316091,76.70480617241212,0
526.1055272179889,0.30017993154678924,59.28142766959844,0
500.5113456642461,0.5916327674702482,54.46241233983936,0
476.54128666248533,0.5346488475897992,78.17889658025028,0
358.46292579495855,0.5998010109859653,73.76409526097517,1
457.9354677234641,0.21037446218063105,60.9794844564249,0
465.72854834732306,0.7088374704780728,61.303369187253054,0
419.7722730778381,0.4860410371844826,81.2543478441477,0
483.8714288333991,0.6108182816737516,58.10588107132672,0
540.4050856814538,0.39600940728744694,86.42672953255963,0
688.618590121053,0.5612773905062569,60.99379265352131,0
517.4577812831839,0.39465844368263436,76.38391925608383,0
525.7550390722764,0.4376231039304195,66.71381524251015,0
492.55540842338326,0.6914031353866786,76.03187431082343,0
308.1228784700959,0.4809317599236653,64.55885997885807,0
497.3486124550783,0.5217432873179723,68.37207093927705,1
506.02302099410264,0.5870067730688754,70.40919175395722,1
746.3242112485286,0.5495681887972604,59.978125442185274,0
480.76390352188776,0.5150418905143577,77.40824345420125,0
530.1547342333613,0.5364961002466225,64.86786433528415,0
496.5288230294757,0.7403415585238275,67.71400084659982,0
383.1321962380468,0.49423812029664144,60.056506253914876,0
614.2822814515021,0.5201099046714968,44.376663412046895,1
575.1933032686774,0.6050654396007612,68.08972237399831,0
579.1031947043047,0.6105525932957984,94.12615421612915,0
409.0612545205261,0.618703030556038,77.84604287898024,0
640.2794310936099,0.5638730222029185,69.80739620265605,1
359.8148937207719,0.38569950872695163,67.37109170791733,0
558.685709380027,0.6633431532301096,70.22465892812046,0
719.0455625809979,0.3853654606981312,75.4711911517521,0
400.9463674869312,0.5302635465239033,58.19187184691155,0
443.3702270397228,0.4245724149980642,81.14321694668872,0
509.96513650876415,0.49358616534070077,77.15381315441245,1
449.65243458838006,0.532876241030348,77.18185725707934,0
344.93365689338674,0.5321357215450273,74.38475738809727,0
506.85629748060273,0.5421920754235284,70.1961665769399,0
393.7696286273895,0.6613711269058647,76.7286123596682,0
547.3592430635182,0.545353430151398,75.91814133741379,0
408.0575765766197,0.4755843364709351,66.45959289058976,0
654.993440501754,0.5964087168288357,64.26398227103098,0
421.67467076637627,0.6189470488924641,71.01856295261987,0
467.79384837943246,0.37723921848630076,85.49020151495188,0
581.351721736967,0.5597400069849858,57.60892924346099,0
376.91356835660446,0.5701172742310898,55.324747342475604,0
522.7459934604129,0.4702436496640008,71.64760841236517,0
630.7142754282428,0.6375706813311619,70.50887701856018,0
339.25167654387724,0.48499444129674735,71.73341664370409,0
518.4633858532304,0.5125576453471542,72.439531979085,0
525.9882794248424,0.48269281757161303,67.76797745365195,0
578.182287177731,0.5015579047581468,84.89863438602082,0
376.3049289121918,0.3903724913104798,53.99096021523484,0
367.9543386915724,0.3559949117405705,61.71502975219754,0
552.1941565616897,0.6594505063224972,68.96745239850952,0
529.6984673233186,0.4153038651681672,53.568111888458326,0
525.0492850345877,0.4008607650543693,68.24145595567929,1
534.6448209496975,0.2846609886396285,86.61470165728018,0
431.99752784215093,0.4361038252310498,70.20886488295962,0
523.2253697161003,0.3676910206592502,72.30700905718683,0
529.3072473298681,0.664201516013637,57.3983523482742,1
428.5648581973632,0.6009817089342634,63.83638591960523,0
686.5774511144757,0.4311849654822276,66.24803619676064,0
547.3832920911788,0.7252435805344308,66.82284903243766,0
380.86965027973514,0.5981765486991595,82.81643795003768,0
565.655360863383,0.46751686164913775,75.57691060725125,0
402.53183297726787,0.2500594285126427,58.88542043062968,0
578.7084603742452,0.7290942572590742,72.46504778432005,0
615.8595579007404,0.3610427533236404,74.98221748496785,0
417.93176816482895,0.3354601253043108,81.40149038521267,0
596.3376129244322,0.6022570432009641,85.80540686568374,0
541.2780926936498,0.7439752406339273,59.84905808172131,0
582.2060159994489,0.6384272818510518,61.89142488789662,0
689.6792982653948,0.5563909120052359,57.42422141085384,0
475.46118839971297,0.5594754341665286,67.65980140893019,1
424.62638356425106,0.5853415558780308,74.66358374446335,0
411.04855703744767,0.5758928589786765,79.87334516589102,0
418.4189715034562,0.5281191423969376,69.24048976357477,0
492.2898290585896,0.5104201103951876,66.80152476745155,0
534.1151974816644,0.49374068721004777,71.5175799224874,1
527.6690799330019,0.4246035411133324,61.64857098369977,0
582.7183249036024,0.47193249231332257,90.89538721694774,0
501.3001891877907,0.33070431858046145,53.923389728819416,0
645.3534077157317,0.490166037320525,71.84740578895725,0
473.5343166762044,0.40114088928490826,90.2360621922964,0
772.0169166589619,0.38964106827842293,70.06799844559998,0
562.5667347765007,0.5179894151153478,68.09960964998506,0
414.2842443583718,0.6392002286344599,66.42554577189573,0
392.91075019388876,0.5918316606002313,68.19608318237592,0
548.2472415243185,0.3429499396376823,83.7284847467653,1
477.6537214674149,0.40103718634296626,47.88138088670493,0
571.4000494092093,0.5940771187988216,85.33433701296326,0
547.3237624573545,0.40175126064616906,55.76042847549855,0
492.7171087343127,0.47753668500029756,67.33347670765585,0
415.3206281931595,0.5550052099024552,65.70755579701338,0
348.5152775314135,0.40316555451363645,75.88553269770719,0
455.3485047932979,0.5105375506145959,54.01875648116253,0
585.6398794323472,0.36659745050817955,74.62172666081943,0
521.4093744130204,0.4398632356048786,90.24309623286852,0
375.4261221288012,0.5319781934142537,56.368259954071895,0
517.3180925851182,0.3407006266468331,71.89706167610396,0
538.5317379728837,0.5440474737960399,63.38017822203391,0
411.6142563798867,0.4980362201073319,74.25887206193036,0
515.3725105945528,0.5552489954417148,70.19147777415752,0
505.8208718446,0.5223914134064661,63.5851309095569,0
385.7029702169377,0.6364140429973845,74.87872284871074,0
535.7787360348283,0.5125224502647907,88.04348109786743,0
556.0784526368234,0.4570594458874747,68.09096208272702,0
608.3051243175277,0.5122297503032284,77.19757942148182,0
605.3802052034903,0.5543298029036388,57.06727042128836,0
362.2330632042909,0.5048860070325705,60.43563623181991,0
406.21749600848773,0.5040591691203883,74.72406277880377,0
551.5035267208659,0.42980083121932444,84.84116028535965,0
551.3785950912209,0.4337099082449052,73.5561334878566,0
551.5047686306048,0.3597394728200306,66.86941969476845,0
885.2731490654721,0.6749576743186939,69.99291405423354,0
557.0890510693167,0.3756136764608715,57.495922660302824,0
613.5565640180599,0.4307094802204093,76.04515326355367,0
595.4001763493202,0.42815927344308025,78.82333062323409,0
565.1391251305798,0.5894924376944441,65.4790966716692,0
468.47307553596545,0.4705050321707972,65.29957852240499,0
575.8969220493268,0.6247742072673734,72.65878229652049,0
422.71747854624283,0.4326509375756131,65.63280263959405,0
476.31813932599914,0.5278994162223802,69.33867385374178,0
451.46364521708966,0.41646529467402427,90.99721789166516,0
508.18741393863223,0.7145149127773388,67.52974299254004,0
731.4658566673509,0.3812401580970487,66.41659847978778,0
313.2734807408252,0.5309820710227028,63.52458194364841,0
568.6260190374513,0.5633776880932099,77.44191971499937,0
338.72841288103484,0.5413799097451498,68.18775826781896,0
452.80681342105663,0.4814712341122292,63.506269616785744,0
608.8950596967366,0.4870179300266574,83.21304032273012,0
506.42800190954625,0.5043811471979109,84.19603004513637,0
392.2255222070694,0.48529979983715116,63.99576434261295,0
428.4696290740032,0.596387911679491,51.33460048639384,0
567.9597748934676,0.7210523001591351,80.07513689836922,0
426.96333682828634,0.44425082149921663,63.15370174239996,0
521.6458589581974,0.3630197020420922,77.90625599162769,1
504.55718399038136,0.4911717951648745,50.298961822881644,0
434.8399652394183,0.7579709337654319,78.92597338299309,1
714.3944089325325,0.4196325432030269,57.88828070719219,1
563.3919022318012,0.6639116805444067,77.30764119066525,0
297.48574133423926,0.667770081407644,70.14273067836434,0
518.6454314769428,0.44464117582920054,60.460605806033556,0
433.8213535231612,0.5568983079185276,65.9296368707322,0
585.2433334796224,0.6628396623128539,76.86318456956701,0
420.74792615672993,0.4620872259012513,71.05894453115235,0
488.5263558533101,0.47964196398976383,75.84412980472484,0
550.4987278980457,0.4418319086051356,89.76440584515485,0
586.5755194170122,0.3985243269307133,54.357583882889486,0
379.9703592944224,0.4350722454933993,86.17212574968624,0
466.54987641590515,0.3776059733237743,71.04355937523214,0
452.50546888390437,0.5034083468259226,61.01215951676872,0
434.6670767426288,0.42300267689413584,56.696863742610105,0
676.5454240281097,0.5233785911790748,68.10879609222967,1
540.4981710960956,0.3444104353796372,79.2165011192446,0
373.9116045664955,0.5330880232214457,68.72450879622465,0
591.7861947054776,0.5833528961608925,85.11154930247348,0
712.2156197012633,0.3006264357428544,55.48824309948441,0
603.2465260551147,0.5374056569847572,69.87911052153946,0
348.06300340459865,0.6227668992473292,57.47606555586881,0
451.57659271337485,0.37903589813087946,73.63631882624968,0
626.6911149186623,0.6672572386837703,78.868873900973,0
429.23305343812194,0.5419019009366045,65.79238206318946,1
544.3819428146228,0.4294988144241591,43.95786143372866,0
577.4634053429337,0.4944230922342294,71.98948146796495,0
407.3069528421917,0.5558326912521723,74.3673855173351,0
494.04746439382,0.5076005391412411,74.04294754961698,0
175.87326599309273,0.5538755992446369,82.35782191822155,0
397.561235866571,0.40793264069206336,59.28946320350951,0
474.743184860684,0.5169360824036078,76.8021610545045,0
375.221681803515,0.35862855030950197,81.92507512477975,1
663.2411303931635,0.48887739386512996,52.21412415993483,0
356.98586220393673,0.40960923585352105,73.19651825918977,0
455.9955513303016,0.42644700574102334,64.95820168992329,0
513.0740577286091,0.6236093175210438,69.18477326898355,0
644.1273289066115,0.6091310120594269,73.47676483538336,0
356.41378488205606,0.5609138120907177,65.12771435886448,0
616.316375215496,0.3907687235327421,63.24291920838388,0
501.0233061019587,0.46835915503051984,70.34152417488025,0
401.8491348952049,0.6213097699979183,59.12754061137197,0
546.2103474263271,0.5141716913639904,59.141748711148146,0
519.905969557347,0.7319329539981694,76.79373282956503,0
439.97831228412053,0.5393317839394371,58.51205964841344,0
506.9802084990019,0.5192049116490032,76.66312500909211,0
461.468640313824,0.4690883535797499,74.6259129285395,0
511.3517345251248,0.5133540904782282,52.741932712094034,0
566.2130674521047,0.4847530163619456,63.22435347664345,0
658.6016816145352,0.570810867668859,81.94109403047372,0
376.2184501173151,0.5956702316794584,60.18834468860318,0
713.3033374656267,0.421401053949205,65.35595737690612,0
304.7912200477498,0.3668767046442222,74.62060893251896,0
484.82149049644164,0.3163794626896703,77.83390509282596,0
558.8317206484577,0.5507991326912544,67.48461113955504,0
528.0991867735032,0.38966333938261266,64.02489805308359,0
437.7300480179406,0.28471094070475167,84.22369861698508,0
479.1877749642725,0.5388578604530965,87.3889966379758,0
450.69990653411674,0.749299951743279,79.78858050781795,1
441.0635243055788,0.4993929088460107,70.85318142565023,0
584.9602097021025,0.5838490774451642,61.91734278359074,0
535.7015485965047,0.5081829358547565,61.695555934434346,0
430.7090404739346,0.49011103468088574,75.22514105265758,0
589.959987543325,0.5919076482987768,74.18398220888683,0
530.7299520876609,0.4709725455811349,84.01598592946429,0
581.286211883896,0.5267392314071903,76.50450092536138,0
562.9628841923612,0.5321697806196014,54.96919698240182,0
417.10049890779277,0.4331909546356951,80.51947617722918,0
443.981895980303,0.5992042349536523,60.01939372685587,0
574.7293605123261,0.48250402433045914,66.16028728047648,0
561.0370265433464,0.4244254840507155,72.50200206251695,0
497.90984060358517,0.5536509843570403,89.95667489783965,1
511.7327383308782,0.41015320182089626,101.09918556005361,0
627.7664895788425,0.5028181157369128,76.06723059136183,0
440.842861116417,0.49908810033557965,68.16803381279612,0
554.7097381170038,0.6085895565831578,75.3450564848055,0
479.78073475661057,0.5474698232879953,78.87655425873837,0
478.23187967727796,0.4974973041254856,66.79332374442808,0
609.8776851987191,0.5817766299200287,87.95211355912322,0
582.541634898803,0.6390207549017314,72.30070759191402,0
581.3509636000639,0.5557810306351862,74.97743089091394,0
630.5478807154329,0.501035261984338,76.65924252054461,1
502.1003841632759,0.368816376764984,74.21586610614456,0
568.1952971294963,0.39348863369246273,78.38940500469613,0
468.9733243406544,0.46947752956453326,63.82746813453077,0
532.4166352488442,0.4390487797840717,64.4169824605397,0
486.98569456323156,0.4813028697014554,58.99845767028305,0
509.6995964992718,0.5056649924897108,74.39501230620226,0
559.5157025436913,0.5529692754356731,77.78936503512114,1
418.17793167665275,0.4929501221940909,74.57772866151886,0
709.238727568546,0.5486501643826202,86.74492433347538,0
399.3982618500298,0.5064474414810121,69.94403981170953,0
378.5811387212268,0.3024533433646128,76.68741655592513,1
615.8110873500068,0.40606646061812457,59.08299123860686,0
579.1662693962936,0.48559124442783846,66.12900297525599,0
562.4119817052156,0.37903052571588924,76.95537757565778,0
562.8345509264279,0.5599928729996204,78.49102110743144,0
498.77532271530856,0.6530750832343697,67.06033052335818,0
410.2745628514168,0.6218761851697316,69.28400748141934,0
507.5804558193726,0.47865571290697917,54.821262533191906,0
432.28382884878886,0.6490726136849952,66.42970799193391,0
597.5119733417752,0.5148667457202112,78.90383163519786,0
485.29426184978615,0.46629140288819604,75.75205016106567,0
417.45028032074885,0.43865973364590605,75.00665721381209,0
467.86141583470067,0.4697530313511872,70.49773687180961,0
541.2931454275624,0.4611823181458771,70.07063158628176,0
443.6275447196025,0.5170416222375488,63.39678860526553,0
417.77796044335685,0.5160573981049864,76.98828420202534,0
524.3687211491913,0.5003046020153414,74.20972944389389,0
524.4966571108723,0.543693816974635,74.92018847992799,1
449.30568246288703,0.6190646274786341,64.7396515733242,0
452.8961694381677,0.5949554135441324,48.46657080128756,0
523.2049937357637,0.35151020315500964,80.97152711753695,0
355.1915658502676,0.24460788650980453,65.21162543991596,0
359.2536225623445,0.5934319911239274,61.372242359568794,0
428.15557787475643,0.36331213015845787,76.93478911913994,0
478.6552848288153,0.47752345981073163,66.07987360080871,0
531.0907565598004,0.38298869739406405,80.59936384046622,0
647.5356216949552,0.31980195624199803,76.17005949576698,0
585.7659623202019,0.5541462728204788,76.83569323200477,0
484.0061470036573,0.5759155160302647,56.340442887994655,0
498.0983792097311,0.44234895992732803,82.11943985386401,0
399.7470635362191,0.240895770785509,72.61250531233856,0
498.148686400761,0.4453755551747517,66.30722860753797,1
471.1341361079862,0.5391804005402546,71.43388467342251,0
532.271856033809,0.3521088431225871,52.2376476710168,0
417.2769056447677,0.5183359919779156,74.08652811480671,0
551.9346514241172,0.4984690150827004,59.706284918179286,0
653.2738913002578,0.5579291499601089,56.47329714156466,0
489.12398515431425,0.5119580368414153,54.77640813782109,0
540.1711722098942,0.40269310591184443,81.12688374989925,0
569.0143991711112,0.6196571501664492,63.707366063072115,0
459.8779528114164,0.484147042697303,85.337277099165,0
522.4092481810417,0.4972695460490068,64.64198536947703,0
501.25924007817946,0.4066732040926804,52.92642042407053,0
509.7676098548832,0.455671774880849,58.83475560051341,0
422.6990216144534,0.4115197285973099,82.35811620006939,1
502.4510174258943,0.4827053940076577,68.44101822063332,0
549.799829124545,0.6711708480142343,64.51712703509399,0
645.1143607795042,0.36280988570686434,71.60018225852788,0
595.9270826085207,0.33864386021232584,75.01782736167544,1
715.3182457511557,0.6471170327493608,81.1739881590246,0
423.26524371119507,0.4790676322848134,84.48499229892926,0
587.2320636720679,0.43309272613400834,66.40231354210914,0
518.3342005738352,0.6039904687396076,56.73952313917962,0
718.9802933217672,0.4394384460263136,65.86534838876725,0
419.17017146448484,0.6826009713546937,72.60280506582886,0
416.0278157819224,0.5677925871339269,60.36241073789389,0
440.0607354555978,0.45120885918542974,60.428490851049574,0
287.6104275690193,0.7157308213265503,73.43787881549885,0
447.4244978319239,0.4394285076996661,69.5134764842955,0
424.0867338446302,0.5742095372009307,70.32796995411587,0
515.0393786476208,0.5299292580406492,62.41504665299931,0
534.175597577716,0.6301741289398798,67.69599285794233,0
687.6170839215886,0.6561511196726852,60.757668557316954,0
595.042383818605,0.5032004149065766,78.90198411124787,0
442.3096344337597,0.42465821296538164,80.35249334723753,0
410.1585328651642,0.5459972142939117,51.53812137761906,0
549.1919171506506,0.4322284630247894,60.7048913980759,0
367.9766792979358,0.7013387247526623,55.03470744909921,0
683.1458765854354,0.5136535331082738,63.49976065593102,0
617.9440120721287,0.4634678448687891,69.16562030209639,0
453.08243478952954,0.5184680305864908,55.5035478030147,0
328.68654709091226,0.36528737104703035,60.78140186874687,0
635.3872374165413,0.40283859614893486,59.960426279185015,0
488.5460154747382,0.6200413907944425,72.07267329398944,0
623.7816311973462,0.4343105721028604,70.6934433703625,0
340.5572341205633,0.39530890173180605,62.78262446662747,0
440.06249770462273,0.5536652752527286,71.76820872139398,1
500.5243699718183,0.6185704154662997,64.53319915412735,0
504.6980593764742,0.5718953310665067,67.28344889673947,0
454.9934528520756,0.5996047685805816,86.73452090298537,0
562.2849932347499,0.4243204911430539,83.40461051790348,0
393.23795706174053,0.3578189333258156,57.004187630724026,0
485.76205149787063,0.6501333651955487,78.29732417879174,0
512.0295631711899,0.4677320161157864,78.11396554491591,0
551.4438834058749,0.47491669835449524,58.51736711247382,0
571.161487808889,0.6328194141849058,78.1877764375486,0
387.5357908162131,0.555623000940066,85.37931918412554,0
346.58858292643777,0.5455887772081608,58.77455193755586,0
627.7676821898509,0.7165002344901084,60.824971789857365,0
533.2314011979591,0.4356481769619857,80.17661466843502,0
425.15134634434463,0.5927840128081238,72.71495310825648,0
655.1151975522523,0.5057013124897084,75.51476275239523,0
511.56746342928585,0.5268592278863257,73.40589216400497,0
617.9297184063827,0.6528468426412531,73.90695920928144,0
506.7518481410109,0.5507835756289624,56.73527871688917,0
706.0747924881987,0.5538296079049633,80.47317706621448,0
675.5340842443204,0.6072507337309803,81.69589992427774,0
475.10358515209265,0.46350472704571144,67.70609255931973,0
597.1570950954356,0.41607903326609935,69.56523050186138,0
564.5375949585148,0.39551908059789664,54.68892497444278,0
636.8631557532349,0.30336434106239984,75.14254756017834,0
403.5076539419896,0.7056207129940322,75.72057441714144,0
568.6051459998439,0.3896791634278317,69.37808983000689,0
605.8424486849588,0.4778746376414228,81.24353359870503,0
324.12605135768854,0.47231867001110794,66.6592276902006,0
381.6741487334225,0.5307406697809101,75.646059258936,0
296.07678222398994,0.5815737212539297,59.80335661307885,1
473.0593165555442,0.5860473488359745,69.76447849125762,0
571.7542255795962,0.44169225614310614,68.25645742097164,0
650.2357052096028,0.48328782862135883,72.25307922040942,0
507.40947804197754,0.52825799504883,66.30473071166641,0
662.8615545571292,0.4751308873816453,68.68527404328333,0
361.9898541785109,0.6607345576019993,78.26047171441506,0
329.6617560644845,0.5490974951638251,65.63235762761782,0
494.4452301103381,0.5734877786049818,53.93422899261321,0
538.4065448939307,0.5662881268667412,87.4958390420542,0
496.7305251905907,0.6173473857485325,83.81454078690487,0
293.25578999601237,0.5181021558703707,57.07737304894381,0
491.08799604872115,0.37031680520441534,76.89707805245195,1
369.5530499495147,0.5399687951752642,64.97025229448657,0
566.9672548830039,0.4348643106208171,72.6348721533106,0
536.6598246096848,0.4471383318250243,72.94224129013493,0
406.0120213672645,0.5586364018755093,67.65592199683678,1
448.61330826633065,0.6238283071433636,62.16234334413603,0
394.0786478111048,0.5021271576736062,63.094589476837406,0
493.7320902726828,0.5308833012598964,60.83808084518758,0
595.5142320501238,0.6702214944635239,61.681777917695555,0
401.42739536644564,0.5240753179488569,69.32821709950645,0
550.4046515517845,0.7601683114180395,62.842400108892484,0
446.9742381627559,0.5565509645631544,76.8205206571262,1
420.7127167737656,0.3239237240844182,84.87246155335927,0
489.29696400454424,0.5753341621104533,64.19946758629958,0
396.4757677580626,0.5381158384882778,72.39404500535377,0
444.6350694652818,0.6289752754082746,74.99685110302934,0
380.21221074111514,0.5673181351269958,74.72002270919275,0
696.472513291639,0.4861544016016226,70.75955267916088,0
503.52635519717285,0.37757017637106344,77.42682418359722,0
430.02744920074144,0.4790976742713975,74.82248952680658,0
521.3979910734222,0.41494795457906997,57.62337577672702,0
488.76719503091704,0.4419476550195277,78.69156064389273,0
477.9030400466777,0.558857840442061,78.87290837266742,0
561.4166700043426,0.6669904504351406,62.367138958214184,0
575.7507710047305,0.5394671529822981,70.37937835447602,1
446.9498852389473,0.38041169379648154,76.83328992811069,0
442.418175935532,0.5444602668220141,67.90686180420639,1
472.4948302848356,0.6196631486645652,80.72978047766011,0
269.8078835264415,0.43902170956806175,93.6387249461936,0
348.4808937801448,0.4865982833327082,62.140139673650175,0
636.6874267444525,0.5014688194729197,56.18955396846225,0
664.4967713501284,0.421510168691776,73.03818595604876,0
475.09639604436217,0.5648280433843859,77.21562505126144,0
557.6556963055766,0.4879051851392218,67.69133626155231,0
531.1250154543536,0.5419532443907028,84.53260663321035,0
807.8880808455237,0.41125078221979,56.613942002767516,0
611.9574911434577,0.45625416996765894,76.9291862303161,0
487.20824085192334,0.5722381357827772,63.94139179241107,0
404.44595593995746,0.4627166847908233,87.19377906207296,0
339.35536797424277,0.6726963851233405,89.92515353168119,0
520.3463635867223,0.46003638143853975,62.33343412216652,0
424.3649254715697,0.5224684725751886,64.5044286409142,0
357.7746290402326,0.593259083187309,78.59587886979801,0
435.34271157574733,0.3581634267066968,66.12869350210485,0
391.84519963856053,0.32391911880192237,69.54588782067762,0
668.7141635072564,0.3474343685429905,70.2538842054241,0
588.1639756949451,0.6262584103427182,50.80326843802344,0
499.20273586833827,0.44481418541075535,69.86162253905762,0
647.9944138890025,0.7558199285668252,63.10272225935826,1
507.7368307647618,0.44357524013426114,65.06877177600228,0
413.87157986717364,0.5184551303197037,84.43632003468814,0
652.3124077269657,0.6542109952567876,57.434931057207436,0
553.8910043684658,0.7006092888159123,78.13205186747977,0
396.27538456735437,0.7061503576636398,67.21037069668192,0
480.9661321916392,0.6208366230593143,67.20239831504166,0
412.4381746615243,0.6024062525811462,77.90371896051711,0
361.7200269035664,0.5592526949201183,73.4005129456889,1
592.6177547531641,0.5778361076166638,75.70612997219531,0
690.9416640470131,0.44488142836714667,79.68184660532862,0
360.1432426180859,0.41818011165776925,66.68691616816677,0
556.296923669057,0.49966255425890477,63.87763265492249,0
434.9357430878173,0.4829815377475072,59.148494734422016,0
451.2874616235304,0.4546771950672725,61.74589470021045,0
440.7606075761131,0.5696387447456716,99.49094425308725,0
413.6009230320184,0.595530520857051,82.44679580736786,0
504.8521627944827,0.5088406886291847,56.489256337919784,0
416.9049883588962,0.6477530081055262,56.7754204325643,1
527.0456825779838,0.3858310885866495,74.81866061718492,0
494.9761890550863,0.4806340540720282,75.47264797377967,0
476.10519531335905,0.4283177679397195,75.48883835317365,1
409.2436337958402,0.313346338292694,67.45044206446302,0
442.32286694316673,0.4917319314157301,68.745457399971,0
575.5391225825756,0.48782524916167164,73.27879524159357,0
550.0917187624381,0.6513449743242131,70.85893006293331,0
402.2444755201449,0.5630811684554777,47.80699627252465,0
509.9332305429226,0.3975813175670795,67.70200369424806,0
575.138712337179,0.6854092566334189,61.485935657396865,1
333.05947188786286,0.6221033695525353,71.75211418908512,0
554.3360192379935,0.5582097703468616,99.85259002603411,0
433.7376241054153,0.4773515901150168,73.67481665474304,0
557.0598668593159,0.404056076327652,66.86470313827603,1
423.6740843457483,0.4627793223928947,79.21801501977252,0
319.51178993354813,0.6088748619704186,74.82687887209212,1
337.2457562116837,0.6884586305934609,74.20094490451841,0
504.8084946661382,0.6543243528272189,76.06850593215671,0
525.9722501721482,0.45111505782137257,90.56543564829542,0
409.56833748955916,0.38803825667109887,58.69111564674084,0
563.8592458777374,0.5140886246911204,74.73632076811454,0
333.847993773104,0.32315606344371484,60.73618870018461,0
493.39202013526835,0.5323167714184781,75.55512646342248,0
378.8983800237543,0.48523974137013315,60.81313488513906,0
434.81638921978407,0.4533963498131758,65.82633186394915,0
504.7398671316414,0.34052969327332044,67.04910085762094,1
413.9586634716048,0.5513600106569716,79.7581671934471,0
461.5444455770175,0.44672991603380885,79.18454443942414,0
600.6292809214441,0.3830083164289712,57.542826235536154,0
442.31081304768514,0.21277377867183506,70.5493411099985,0
583.5692112065142,0.4972485094949364,62.904201452508275,0
387.0293145342382,0.6772251596669744,57.414950893246655,0
552.9804177915282,0.666125921454787,67.8298294957563,0
644.15686206579,0.4542903743413728,66.9151721154418,0
252.83554998727107,0.4397787939638219,94.26716486345522,0
420.31047445295235,0.5468774256075024,74.32959825360696,0
557.707212718054,0.4001614560811708,56.22382499245763,0
479.6954613957007,0.5301791899819466,64.35225995829057,0
537.1145873371308,0.5766080278384691,80.21383295429399,0
439.60148132841795,0.6226933223884308,90.88442772869925,0
508.65897874729,0.4899845923520047,54.140166877620416,0
484.432276460792,0.4796326249823034,51.20075614860955,1
616.7782061659807,0.4122017413243439,88.70965175371782,0
525.4420843301214,0.417311964596014,73.89614177370903,0
533.7602662075202,0.4773521108098473,61.31707268123634,0
458.8123033877533,0.5367365506816179,75.34629086122435,0
451.23937759275066,0.5913584626233249,43.64252260983122,0
456.7441812180379,0.4196821049319655,70.0337550659716,0
539.4452142378296,0.6492688568959522,73.27821172843085,0
457.90155191797373,0.4728876398957431,79.2427013953783,0
528.9774856896413,0.4978632705651564,59.861040477074624,0
707.5400798645439,0.42527883208521766,70.8568716140336,0
587.1124703431692,0.2575759739727058,60.74575373940412,0
467.39764678321586,0.588404539636105,72.55383755674318,0
620.1213922163945,0.5736843897092433,61.04653677636976,0
459.19246269784486,0.47186724428817867,65.91899160839779,0
296.1875464822146,0.5066990717224872,60.04184605209771,0
399.1913689082596,0.55159392177041,76.51136241823657,0
312.9208078974144,0.34374541431134575,78.58451116656666,0
464.8486515958691,0.4470947322653705,67.65379430042586,0
501.84183791895515,0.5794264679621828,70.38237994960028,0
667.6437312275283,0.3745710576830751,55.51408585366456,0
532.6927373764163,0.5293557932166629,67.00323351993212,0
478.08994711911356,0.3643418195376595,69.49795382958256,0
582.9405581183489,0.5466429982433526,96.20793091029975,0
278.88646909921147,0.4964358517702516,58.88032974225837,0
523.5614558108566,0.33848681840944905,84.64177238752437,0
577.0865193886967,0.6164739354457172,79.96858773465809,0
352.1413754220158,0.42654084232019507,72.80636404490136,0
614.375404320693,0.4189747562985619,87.58620484195134,0
533.8496407494414,0.5200569197230943,73.72105472606863,0
458.47120860991987,0.6148637349428715,73.89159195667929,0
563.2781866106285,0.3984178181021603,69.46879346982455,0
727.0692857804396,0.5061679849847972,82.23568882418627,0
518.1866255058495,0.5428816500330573,80.96469233810883,1
524.8220586300336,0.5693105607263144,63.743227125037876,0
454.0639100459756,0.5176441555277225,56.80752805401232,0
415.01556305352085,0.46329721609166774,67.97019362604343,0
583.0335816544246,0.41724097793512804,61.999614356023535,0
414.3916174091133,0.5086143883046375,69.36475425384644,0
507.15662372193924,0.39278609880143933,82.37438134684139,0
452.23425532348836,0.20786495165053925,65.4269834491321,0
547.8979825746392,0.5436559804157668,69.57176618688425,1
533.3662105286949,0.5903934841086196,70.58022734808395,0
603.7539944257899,0.26370675644581615,78.48430882205284,0
448.9983601145253,0.39902692952900626,47.53110666015395,0
473.01250647066286,0.5619154261005198,63.932997052347034,0
402.12362842176924,0.7057495469711699,72.11283692279473,0
455.57067399238883,0.5020793707675408,82.00078956426862,0
537.7300493044852,0.42719970587708656,65.08097552493795,0
575.6988616645352,0.481710355889516,51.23447293958126,0
407.78346758223745,0.6374876419148185,76.19711445966136,0
586.960592010566,0.4354035820875465,63.646376111743706,1
635.5637858804951,0.42008079933497466,58.103333409096386,0
541.3434903223701,0.45172564778179675,63.75654610286776,1
687.6795812558066,0.4046671391741288,68.15474642344151,0
422.6210800896427,0.5122670315994795,63.952553354617876,0
375.5345296688583,0.6624678458469561,47.944339429009304,0
322.12797510957216,0.5323079273116029,78.97066196887133,0
649.6044311489184,0.47476464978737126,82.74875041278722,0
565.4365656354057,0.4708188731084456,76.51521991339506,0
494.4415329089545,0.3436809191303343,58.62314329575183,0
527.996862631982,0.588310977714716,67.98508466052482,0
387.45109527016234,0.4922162802987198,69.93478684770542,0
744.5751979616826,0.48195200864093746,75.9879438956191,0
512.9221181975228,0.8193107567844862,76.68340488718081,0
510.9394794604893,0.5298752908365686,62.65826201221504,0
572.5766623898692,0.4248208949904816,70.8199555641356,0
548.1009231736713,0.4573642403794457,74.57280404615241,0
522.3884024279131,0.6148445709196755,84.55822322146767,1
420.9525544554688,0.5113270410537765,77.04506539824723,0
547.1468357135996,0.3561722021682633,77.89056687375519,0
688.2024496475034,0.5919228934575204,70.8382662792936,0
634.5420046154977,0.4331855914461006,84.10459145203504,0
659.3186626639397,0.6873297776217546,74.09762795959497,0
448.8784323568815,0.6080048065714648,61.389120898264295,0
401.0395179741419,0.4552678104341249,84.0336997012519,0
487.4213079900352,0.6281016361735113,76.97903272539028,0
505.57249122886947,0.5067855510527404,65.56955978871518,0
609.4191518470949,0.5852773675122219,65.20507032600757,0
330.75353702851805,0.5484732817294475,72.96575545140762,0
652.9550319460614,0.41536433450091265,74.63184795267584,1
484.19921014210104,0.4356450167682538,71.97292265631206,0
457.311893005258,0.6029960817581161,73.11308673442885,0
398.78956247398327,0.4665224667893459,86.9995737457638,0
334.51433281342304,0.4596351536758003,80.71543152234887,0
582.3170583961914,0.4044877420650647,71.90635591265024,1
507.3317967188404,0.5423599065593461,79.41310580767484,0
371.0039100258946,0.7062524919243145,59.674760964724605,0
370.4921227936384,0.3932467085745727,73.97927049946809,0
466.42153007098716,0.5024219456672758,88.0930634973311,0
666.9021525289393,0.6412220555415429,67.81954104607627,0
474.0408648636395,0.4920358608754285,61.52366071380915,0
349.6857046881894,0.5452371796249734,63.4791111140694,1
475.42569359140555,0.393760647185312,59.10366962657612,0
472.72764302523296,0.5428307097207649,62.15238091872297,0
230.31133570584285,0.48128557349954515,66.2949190140997,0
494.57051334821875,0.5985729995679863,55.94432980821358,0
476.9065469791322,0.6187386051564752,70.15618333949602,0
569.6206364813419,0.7589563642018614,79.02277173786648,0
684.8956094945345,0.5579633173213576,60.9224381985308,0
612.6565029547758,0.5325796316582166,85.19283923641768,0
473.11113094451696,0.5194384301577336,75.10792088527595,0
389.347409125833,0.4646833707189312,80.30580585624057,0
757.335980324986,0.5338483843461691,63.42165446147863,0
505.9218434014488,0.47045985898609705,78.54525227066615,0
501.3929291912946,0.5168460976269614,59.08066099604687,0
497.5874912889997,0.631759753560796,78.90247500836509,0
519.8084760767855,0.3993457434720359,71.71839339793532,0
485.56395880760573,0.6139878561129045,75.53251219984784,0
442.63379931197636,0.6317115067339866,58.24405394375148,1
445.31410587596076,0.48819314730089214,61.049301577233955,0
496.7246729784002,0.2878145100991405,75.97228218253385,0
445.6575228866235,0.43921780129055676,60.51651995775799,0
428.7154217322836,0.629699454656111,74.63206292099123,0
510.64302276918966,0.4977131937701118,56.32862193539754,0
474.5022782579145,0.4000697767705089,78.48174212666669,1
650.3992988582688,0.44952250787717823,57.67476685231491,0
234.90301916069882,0.5840620026504553,75.52299937679523,1
609.1506851922462,0.554673356820138,76.25630933646,1
624.6085192497629,0.4761067900830306,63.03228181570425,0
292.660976759185,0.46331755881853126,75.82026567084726,0
465.7312405919651,0.4608241850956178,72.60442263333556,0
462.85591340042083,0.4077589815501497,64.61158143807262,0
359.24883052821787,0.6615375689469442,59.91445315923792,0
422.21833124091245,0.467767953078866,50.373743083274206,0
388.94241545341714,0.6217158520825496,73.49650047299694,0
675.2270443423622,0.6521316051922451,54.35197228637945,0
593.5678393147462,0.599831089814796,70.95344199441308,0
627.1555094994159,0.45683796872819515,67.36551783917751,0
572.1672064043235,0.5403730090336609,76.79142775438196,0
387.0948228782771,0.4975804393609084,66.97954500510136,0
447.5479733720226,0.40962981392698716,66.70552213652908,0
548.9374561227918,0.5324359281721603,77.31870704288295,0
377.7872191108055,0.3820960208840197,73.35058029084118,0
571.2998430172388,0.6187679388461564,73.16155957182778,0
475.9674601841865,0.4535382702701607,74.69267589808527,0
462.5179192450403,0.5201159655872839,54.64427876792894,0
571.0959968203491,0.5283287871546142,77.56788679986983,0
544.4263311486039,0.4741095026295923,76.12468794013603,0
463.903383418092,0.5586693801475274,59.83316871423503,0
615.9329803364249,0.45250963433774755,67.55919526325799,0
391.89366724001025,0.5871297297457244,69.6069271237237,0
561.5935606944264,0.36540203197532517,68.65503215598267,0
559.3101257968384,0.5126379579546412,73.33859966568535,0
469.045356068601,0.6938928999058285,84.31366781831184,0
532.6133022242118,0.39996686753944255,80.81766727672829,0
374.8886423614697,0.43222550294751483,56.87780806568594,0
592.4027019206901,0.5513907849658914,76.22069990306049,0
481.50978635570107,0.5179581781939598,83.28933319535409,0
447.7276979480961,0.5350630099273559,73.86808520689203,0
604.900922583689,0.5489187130147664,80.90980425185967,0
429.5656309457241,0.563472146856177,90.12270445700764,0
359.15387036364405,0.6109699841956223,80.23709546106981,0
344.33708264760963,0.5409818656928512,72.49308595641729,0
560.600995134564,0.47587423453814576,80.45088474084753,0
371.9570647503717,0.5672573701202731,71.44887833096891,0
675.4794181984364,0.6899881934895216,70.23903043284956,1
291.8070592116278,0.48673662536174267,66.48585764286267,0
669.6456368290038,0.40254706953293584,85.63413358832108,0
521.1017467202619,0.6107080669286973,61.81571334057999,0
490.32868881296076,0.48796188360464016,85.32367724678116,0
445.508091319105,0.28273304539859634,74.99864123740372,0
539.913611435207,0.5847421677150422,56.006938251980586,0
496.23652975751514,0.4464671814046077,73.67649292991422,0
610.3301882016522,0.4909466717695839,48.99973492348376,0
511.422764866204,0.5331980330569015,76.25508016831036,0
515.0301761461877,0.5190499679779066,78.8523148298899,0
463.63877877861444,0.570945181713904,64.07644044347947,0
494.30543762789324,0.4564513629430157,71.23547695955583,0
530.7801768892059,0.5513105798176082,89.54157433750287,0
328.98316073433745,0.4740453322416083,64.94253295738064,0
365.1814577894287,0.5738810480887503,59.410924129433994,0
574.3264094022715,0.5615367484013053,84.81663402462598,0
517.0865438127942,0.40645612979554047,89.62587190530795,0
481.60166636473207,0.6085982116175033,70.03695671847848,1
501.8433933065393,0.4464036554885952,80.11463035408356,0
534.7581705361671,0.5808057798281145,83.41475915530881,0
446.02403196906386,0.5367287313401341,62.57515767461616,0
422.16952745976874,0.6838183676795122,65.14694164632132,0
519.5845255097681,0.4776534017628148,82.30874513154735,0
402.1627222384968,0.46506832038818025,86.85014278708509,0
540.8252755714472,0.4980580394112267,75.62880860174354,0
329.74163957621596,0.4696820217165725,61.20185646497946,0
602.9155637325644,0.579994190194205,89.87061111699441,0
547.2597482413044,0.3383689391563412,64.69029102188036,0
525.6029734313876,0.3946317580853646,66.64862218828549,0
598.2690983945514,0.3932197078420807,73.42337834489622,0
666.5474444462577,0.5950307591973576,85.54160420714774,0
601.437006501813,0.6710613372581925,78.53975976552223,0
315.9125768668355,0.4895550781462529,74.1486550036191,0
372.0423033264299,0.4831178276809989,74.63288530118106,0
437.5181422304321,0.5070052163113181,70.43514668643466,0
502.6091050210834,0.616187830260819,75.58139514518507,0
551.7659020469123,0.4072646865809426,44.70439922305697,0
427.42561868465344,0.5238368982734785,67.03392540930201,0
518.6766764477078,0.5975197629782429,72.4132193491678,0
424.4617067646677,0.5501094169939845,58.48985916380493,0
438.8482197008052,0.5189581616598743,73.86323317811559,1
359.33389031517777,0.6001046092567142,67.95528779013878,0
407.6766753889096,0.22967677070007625,87.5547569831549,0
364.83153943836663,0.5677875319530907,85.73019725214857,0
402.4126747022667,0.4345924316872576,65.34194430881837,0
605.364179660784,0.31693671031435433,68.49162288433304,0
405.06011111680573,0.551120259952498,69.26052434391607,0
763.2382064837391,0.6373658545162958,65.48340523840378,0
549.331790088089,0.48625514853723084,71.95024984028127,1
518.4836123694874,0.5952874547202939,62.4171793111241,1
414.16422198187865,0.6612278257988645,58.693846650624735,0
570.0309879408992,0.6314914453584047,76.22711223900268,0
442.4362173762226,0.6639964529371393,76.29529584221811,0
512.2009814645362,0.5742127491071892,61.956842403400074,0
756.0084538268795,0.5075433638901593,78.95355430762599,0
490.394010027535,0.33980341881028314,63.68422270834669,0
614.9273326285676,0.47539375118700516,72.53165238037981,0
429.68235748741125,0.41567534046838084,78.20344012612456,0
496.50115095030384,0.7170942717497814,69.66387435296286,0
677.080063563551,0.48241141875676635,74.54740912141135,0
437.30329422122327,0.5123204806784486,64.83570356112428,0
681.2448557996929,0.5551485376040468,68.03533416571902,0
570.7751935455475,0.5043602446372454,67.9414056911966,0
443.7533224105732,0.6695051040430753,62.53421653459761,0
563.2407739055521,0.4377350638265548,68.23225836884218,0
597.255444962673,0.5194607455237242,54.51381701136253,0
562.1809962217196,0.42575294143019515,65.08846252857896,0
342.97752801095436,0.3679977488779294,67.15124506630329,0
427.2862824175131,0.43882309090947147,67.4382024750462,1
475.24813644484954,0.4962963202951588,67.58502554129221,0
492.5566570899954,0.457069777548274,69.38235800139871,1
562.0672097550678,0.4307579020126144,74.79441518086064,0
517.7701000933254,0.3593682536328166,78.74517074132523,0
366.46556412898985,0.4916894427371305,63.50234773151733,0
538.0197851005963,0.3495279625968998,57.967991446108556,0
561.0585745283823,0.5760055963689603,59.57955587756897,1
555.979044793104,0.5082439752934503,65.12797078805073,0
608.0780725554622,0.3542448500535069,66.48078682183491,0
583.3922154548904,0.46907909229501366,62.30003933802543,0
545.9180079228437,0.4247843594409417,57.038833357501055,0
492.9834288541353,0.531917451041918,65.43879172525811,0
333.90390664840083,0.6340450446023145,71.81426620113972,0
542.9618219132586,0.3124827530354255,75.95029465835565,0
520.7687687163111,0.5115026079147417,64.42576946891678,0
527.1578837195374,0.48398672044333596,65.87002177856566,0
372.32514241796906,0.5671340076450466,60.73301691152689,0
391.89434595917373,0.521319662823769,69.68560829625224,0
605.3152853332904,0.42480306682611807,61.515713658091855,0
496.0444846143345,0.46809460643333817,75.731278132412,0
568.1500697372625,0.4203974143196511,52.14133508065889,0
502.8318376130461,0.6076007138598598,66.40370327547538,0
502.9756139495745,0.5021311648671942,73.01107339191742,0
593.8283805975998,0.6901190685753007,71.83834516322504,1
448.3955271782626,0.4939339186185379,96.93033663980496,0
509.61207769409833,0.42915932330895373,73.49800024567908,0
453.7724711294958,0.3486285607387173,59.959454031579895,0
456.55037725676846,0.3196860323744055,69.04535752910927,0
469.08278765313605,0.341586405699451,52.23753666533548,0
522.2133771633713,0.5267126651011483,69.1940025070324,1
452.1251378336523,0.5508725023229933,61.669439429992416,0
625.5756125573521,0.34188092979678664,79.15390275560162,0
410.53926977804963,0.5895038314076115,64.50459725404465,0
481.3128355838641,0.45169389483165606,68.83234084204753,0
456.0268941725825,0.514679301198555,63.64442158595597,0
644.6977884353732,0.6612220628255424,87.38851351853332,0
519.6554776511574,0.5896839315865532,66.78757233882088,0
603.1844539468635,0.47314693520941675,88.32557043479201,0
351.44396269630283,0.41088077745847124,78.14151762118266,0
526.7050265869259,0.2848184598670695,74.82066727335386,0
588.9630795623438,0.42808466807575796,73.68733147317519,0
508.2283989275424,0.4788869761172306,73.93797298216252,0
606.5480375065351,0.4012820472848816,50.7232742065439,0
448.2711549899628,0.48687430329076953,67.21116605849244,0
640.9347440185579,0.5076851882958768,78.45157971184321,0
729.889812361925,0.47751440181919214,69.51102816525895,1
463.7161439560341,0.434999741917654,55.94810153196425,0
455.4497478599228,0.5168654671966728,69.4759554942253,0
645.3384477117701,0.5441940649569409,87.04105516255491,0
657.9572145730713,0.3909600922557154,82.4689171553472,0
447.71399728467316,0.641093237974627,69.37995990633968,0
457.98131829041426,0.4901411867715738,79.51449277058086,0
471.82153911394926,0.5018849622944848,66.33492979631949,0
365.5549488965723,0.5708214423256557,52.96128413173281,0
408.1348053515802,0.5233216131263502,60.75534011870445,0
399.5859233247932,0.5953136633913245,85.62888768508198,0
423.2202434895872,0.5287124165201824,67.26006918170695,1
496.5315112613219,0.43875626253595623,67.56616020624982,0
523.421473253652,0.5361503525206102,67.00161803725119,0
655.0500492814077,0.38562737926793383,89.04136589573007,0
400.1645959261209,0.5108559705776523,86.25958915362062,0
598.4322398476584,0.49667700093555395,92.18780233448135,1
478.6011155774491,0.47918831427274605,68.40954789599948,0
495.0536290347567,0.4871462488561069,72.95624488747094,0
567.4819492166604,0.3118150954502361,54.833574505792086,0
387.72779784377013,0.44512750922590383,84.76934426118274,0
538.2409746184051,0.5092844901141115,58.32220448732065,0
516.6452208213057,0.51598563919974,72.16775563762629,0
549.2451264008149,0.3972324859074042,59.02697472367156,0
528.9168643907818,0.62657078408647,64.11133173261304,0
745.5300139910894,0.4133825151785499,61.627375689503,0
436.2260015748684,0.5969457200526737,63.92124739324182,0
446.9003044998182,0.5427194361871684,64.60877296851021,0
437.68594735752356,0.4353772690156197,64.51731205074923,0
444.4522880839745,0.6775310892609512,78.33333911780306,0
436.26128726934826,0.380636316824352,58.9513720693748,0
618.9016531107552,0.5919154173610002,72.20541427013868,0
642.0504247989854,0.6000582318042978,82.17959152305559,0
442.9253706250524,0.4329379790923355,64.86803635486604,0
416.7644426895771,0.639246530006433,62.82081109252398,0
547.1415556386404,0.4749953485401047,67.69475374819748,0
444.7776955719029,0.5288693629279857,81.7972520836071,0
563.293181775551,0.526032183877122,71.94107630953357,0
520.29230208513,0.4865691258529452,64.68785705392402,0
348.42558850027683,0.5810808273159782,74.8387665118804,0
654.7505201330061,0.5793488720552213,58.977078501635766,0
679.5877673095522,0.3251468026761819,76.81359510442948,0
438.72113095156135,0.6304340242878153,74.08607307701767,0
461.2298440064016,0.3337508011964325,66.92191528861116,0
528.5865390724905,0.6032546204341658,61.61414201552769,0
533.4456789987025,0.6126705136827584,61.133190777165424,0
565.8544272672831,0.39090335697848017,75.3481733634591,0
701.020453876635,0.4589185712045415,82.28980502489063,0
482.30527725059505,0.38942953315140644,63.626922529712054,0
420.17027554615464,0.47850789697112645,74.58386703551484,0
362.06807719854726,0.46919657158142586,49.12972981397931,0
426.9069960058081,0.577966053226934,64.153822693428,0
496.6873027126203,0.6310308746119608,69.68941067129099,0
679.4557863517788,0.6395683810789956,60.90316583018166,1
448.23887009638287,0.44378319734216976,60.63493625210404,0
522.3787951638899,0.4790778126255472,63.322204435311136,0
498.3577103927248,0.33165618077790493,72.92192728326373,0
618.8393273448085,0.4194129933503811,68.12670981593625,0
752.6932425873622,0.5964851633097458,47.61768766675028,1
446.91312270796794,0.6615582823548232,48.792998473649334,0
451.05605574817776,0.3765651128120078,63.931348221428244,0
604.4160877069072,0.44075357408471055,74.57686586053552,0
568.1891489626312,0.4973594243041073,42.52495157274765,0
684.6707325736033,0.5280161158819607,65.00269823848369,0
558.3928185325964,0.4190396480078354,64.7375214348258,0
464.070790921294,0.542406104446409,83.88337778208448,1
559.0654830692309,0.4526160652929084,66.14978188287137,0
610.8703580582908,0.4985547729121721,73.82988984740929,0
582.0482181197364,0.55462842480037,71.41257140087463,0
550.7274031107298,0.5006422269810937,48.694335201928,0
606.6674689589154,0.4563614109473431,77.68207216631737,0
616.9295590445672,0.4890390196074169,72.15396505456287,0
638.2158991037527,0.49116370407946647,75.0826863967459,0
564.8709887589642,0.4629988970117872,109.26237706436326,0
483.28819196831455,0.47412039373328974,49.158870605014116,0
514.6713686433322,0.6598647170504717,87.24696649761108,1
620.6508966508356,0.5560919447941238,67.12552480599645,0
418.30643290127637,0.47045196819708396,72.87328904403009,0
536.8673308872901,0.5696954404510736,69.54487754698758,0
460.6661187672639,0.466618051024399,65.75763666601956,0
502.8744822934818,0.6173124637586641,64.30167071761241,0
627.8451862607299,0.5369642192198094,73.29508735573009,0
519.1099068019903,0.4892697855995771,54.82826303328321,0
504.64365481561487,0.5447716925810278,77.50579167521765,0
364.0143859020081,0.34291238479315006,65.83805595114745,0
574.625356602722,0.3873232531090195,58.69930660959642,0
564.5484181141076,0.38060749936009447,65.49987142004187,0
716.3254723305461,0.5142943094763707,82.57149216862572,0
469.2221765046999,0.6732514999485092,64.64664912983777,0
521.9150327663939,0.7231300146192632,73.5845361820962,0
524.9383683710755,0.5638051101440757,62.69043724284526,0
657.7453279763474,0.5500844474944457,77.57921849923619,0
490.4704467613048,0.3198942265847261,76.85507738790204,0
527.9021525770339,0.4457326200265978,88.48608833296412,1
560.7896509716539,0.42122162480917613,68.24436054500785,0
518.6609123156359,0.43791524017488836,76.68654804757907,1
455.35663854494715,0.48318561814152106,70.98067539538944,0
519.4089992898307,0.45279094223028726,82.95871781863015,0
607.3631749859773,0.30207001896242125,62.8116761239127,0
397.348470058894,0.5747910256117534,77.45005312877281,0
513.2969674146876,0.39272569742601937,68.05302703883318,0
429.9879185060827,0.523924686411115,69.35811822891502,0
619.5046628924842,0.7074082669749974,70.91752484448372,1
347.68130952162255,0.40806154084135765,72.52240396426677,0
444.10781527284115,0.246971247725367,68.83770956878041,0
537.7211875064521,0.47139957781198893,72.14713183170527,0
656.5524029234341,0.6100959634998571,85.78118057562185,0
493.42497389270125,0.6958347454220594,79.85449685615218,0
444.4800473306802,0.3770450405547583,78.69154592496896,0
688.115706944059,0.5496699223236522,65.44460473976129,1
355.19860995837564,0.45346895432199463,61.10759171771676,0
280.1194043379918,0.48940516456958644,79.55300558237752,0
544.0014450053333,0.7644343347017035,78.76046792529795,0
449.7945775647389,0.34970296716048466,84.72670675750982,0
397.8767182869287,0.5253739661494573,63.9601937403077,0
570.8356447299353,0.5467693171765433,67.70451344639653,0
524.3800713771199,0.6085786324939347,53.605158374745656,0
443.59213692632716,0.5097983153470895,66.07528893939127,0
371.9695601329106,0.5308050539504102,79.96570510579447,0
587.2457328280145,0.4608351432578209,65.33504620771802,1
565.0201177958661,0.5269126941245107,76.40479795200824,0
490.0824136220617,0.46568077245025896,68.09496894002189,0
684.6636996047666,0.5621571889856051,73.2405702822156,0
392.99152336738473,0.4630389663956366,58.523086101843326,0
347.44748290752614,0.5377100393902187,70.852094496339,0
430.80919301187555,0.4970737186315022,40.08864029099277,0
495.4413983644502,0.6126050250772168,68.13103841838016,0
524.3339449322692,0.49486062764115135,53.6952675628486,0
475.876394214367,0.32269675317931185,82.05994516546816,0
535.2055396514297,0.6261921500713992,77.77407352764511,0
374.8460575809556,0.4094267699137381,74.66670981966081,0
644.3764604073259,0.434623366135118,85.2100622715938,0
491.7848821607431,0.44043387059565076,60.51083479175163,0
611.7295831588127,0.6374438093170818,87.47363197915558,0
534.2725346377704,0.28643257860213045,79.32191564260384,0
545.6753219153784,0.8137748533659994,67.63444712781055,1
556.9767280232204,0.6056056809066052,81.35620147182944,0
544.7708560017315,0.522323891412916,58.93706487588366,1
564.2722759867544,0.4945105999383714,61.75485838472326,0
632.9152530132432,0.5285554074857657,63.914102767603,0
519.6521169701471,0.5521122428379338,64.71022291935985,0
570.9003757588512,0.5645215585950057,59.43442357239747,1
491.02643057127733,0.5555604466003449,82.23083067095325,0
644.0117215449472,0.5089580681255249,67.41145599630168,0
432.360769794073,0.4802661579692674,73.5250496835688,0
680.0940432910816,0.4848726716346488,64.2964863358632,0
495.9842049355657,0.4805091719647319,51.79396699451483,0
356.9224897881952,0.6133770096867065,72.70057358391422,0
512.8104414910789,0.5593556722280861,50.87745024580223,0
431.89483425251194,0.20596113653357195,69.31365953914532,0
584.0643548988724,0.5655900776529761,56.3168496116719,0
434.7376020697609,0.5194736194718775,89.87275999230808,0
455.381656678522,0.49812912435541024,79.11362722174722,0
311.0459269054469,0.4611481546911114,71.0575379127148,0
454.7693680750923,0.6124112719986013,82.63706677654669,0
257.61206733710435,0.5947526462122859,61.536840225342644,0
341.6097176514277,0.42271223321763907,75.43479378670094,0
576.0414656144297,0.5407052287124535,71.99810433718713,0
578.5800158650832,0.40283432654587137,72.6402008133367,0
542.5457561784965,0.36203818352110695,82.72353500106767,0
403.3023856870787,0.43732827754100345,77.32492102779803,0
495.228864385802,0.5862393472382759,72.88723662825024,0
499.63974609094316,0.5953125045376086,53.45112563771704,0
384.1635310807457,0.5513085420097293,60.399537047205364,1
650.339830176715,0.5725095786847997,68.77291066404275,0
587.7362290575671,0.5516178287114959,70.93372374276652,0
477.90358261703363,0.43585184047770476,58.69796275326076,0
502.6885838994531,0.543192254467394,94.11676675578421,1
520.8382807947553,0.5800409525227682,85.16394055253573,0
295.82651315757096,0.5754291329813574,76.02118320392483,0
475.2822617479403,0.6188913371474642,70.72036861283745,0
431.80157520022016,0.5708303847201064,67.87791030098849,0
399.83799901050844,0.5351448207541583,60.48081539977764,0
471.8899707114045,0.6070150238316427,70.77480518518863,0
679.7686526849523,0.497347874075094,72.57752540142751,0
564.084286126701,0.41181253487722824,57.58239424518376,0
442.8821010217203,0.4836933036056236,73.34176417244898,0
557.2582781356159,0.4255097355193551,68.44740951175251,0
